signal_id,timestamp,frequency_mhz,amplitude_db,duration_sec,pulse_rate_hz,noise_ratio,modulation,sector_x,sector_y,signal_class,clue_fragment
SIG-00185,2031-03-14 02:28:00,225.408,-83.85,17.17,7.337,0.1668,PSK,88.15,472.85,Beacon,
SIG-00086,2031-03-14 02:46:00,724.745,-91.25,19.41,12.42,0.0696,FSK,179.24,409.45,Beacon,
SIG-00323,2031-03-14 03:30:00,269.767,-45.16,33.79,44.142,0.2759,Noise,120.64,314.37,Interference,
SIG-00434,2031-03-14 04:18:00,206.452,-106.39,36.02,43.946,0.1417,FSK,98.52,357.24,Beacon,
SIG-00153,2031-03-14 05:43:00,747.892,-97.73,37.18,33.899,0.1989,PSK,109.28,298.35,Beacon,
SIG-00110,2031-03-14 06:12:00,431.222,-96.05,31.88,15.737,0.3294,FSK,23.99,294.28,Beacon,
SIG-00171,2031-03-14 07:03:00,1331.539,-76.22,1.63,15.818,0.1929,AM,201.38,57.74,Warning,
SIG-00416,2031-03-14 11:28:00,1253.959,-111.29,12.22,34.488,0.4941,AM,208.76,165.83,Warning,
SIG-00346,2031-03-14 11:28:00,1056.72,-87.63,6.17,10.995,0.2628,FM,325.56,198.18,Warning,
SIG-00324,2031-03-14 11:53:00,202.402,-104.98,17.7,9.948,0.6628,FSK,159.41,296.36,Beacon,
SIG-00258,2031-03-14 12:01:00,607.426,-106.33,43.94,27.847,0.0768,QAM,208.6,240.35,Anomaly,SIGNATURE::NON-TERRESTRIAL::CONFIRMED
SIG-00387,2031-03-14 14:51:00,3068.615,-78.58,26.33,12.929,0.1628,QAM,500.0,399.39,DataTransmission,
SIG-00279,2031-03-14 16:56:00,497.71,-47.84,13.31,32.047,0.3149,QAM,191.83,261.04,Anomaly,TIMESTAMP_DELTA::PRIME_SEQUENCE::ACTIVE
SIG-00180,2031-03-14 18:50:00,253.041,-67.81,23.33,3.562,0.5271,FSK,0.0,317.22,Beacon,
SIG-00212,2031-03-14 20:30:00,816.63,-111.06,56.92,11.735,0.2406,AM,235.0,149.56,Warning,
SIG-00067,2031-03-14 21:19:00,436.475,-85.84,0.5,5.604,0.1343,FSK,65.37,373.51,Beacon,
SIG-00204,2031-03-14 21:30:00,2572.747,-66.12,52.47,22.919,0.5244,QAM,476.26,456.65,DataTransmission,
SIG-00084,2031-03-14 21:46:00,296.187,-55.36,11.66,36.756,0.2984,PSK,95.5,342.31,Beacon,
SIG-00480,2031-03-14 22:04:00,725.472,-51.69,92.43,29.782,0.2356,QAM,200.73,245.87,Anomaly,TIMESTAMP_DELTA::PRIME_SEQUENCE::ACTIVE
SIG-00491,2031-03-14 22:53:00,1278.026,-106.02,23.76,22.547,0.1729,AM,208.81,266.04,Warning,
SIG-00295,2031-03-15 03:05:00,598.784,-112.65,3.2,4.711,0.1886,PSK,186.27,365.74,Beacon,
SIG-00169,2031-03-15 03:19:00,816.419,-93.78,5.48,49.281,0.1066,Unknown,218.33,259.67,Anomaly,PAYLOAD::COORD_ENCODED::THETA=0.87
SIG-00496,2031-03-15 05:33:00,1008.512,-72.53,51.47,0.053,0.0866,FM,200.59,180.3,Warning,
SIG-00384,2031-03-15 05:53:00,602.374,-55.03,14.06,35.001,0.1302,QAM,192.34,256.15,Anomaly,FREQ_PATTERN::FIBONACCI_SERIES::DETECTED
SIG-00362,2031-03-15 06:49:00,1048.542,-70.17,35.63,6.201,0.1971,AM,308.18,184.09,Warning,
SIG-00321,2031-03-15 08:45:00,1569.907,-83.8,35.29,19.351,0.3746,Noise,95.37,383.76,Interference,
SIG-00080,2031-03-15 09:20:00,761.229,-82.27,6.62,18.86,0.2743,PSK,77.56,398.14,Beacon,
SIG-00487,2031-03-15 09:56:00,414.385,-84.0,33.22,21.347,0.5893,FSK,179.3,411.49,Beacon,
SIG-00227,2031-03-15 11:54:00,950.592,-103.58,21.33,18.405,0.308,AM,208.67,137.83,Warning,
SIG-00461,2031-03-15 12:39:00,1023.279,-49.94,21.14,41.747,0.2103,FM,208.57,233.0,Warning,
SIG-00357,2031-03-15 13:34:00,1690.905,-100.84,2.49,6.97,0.144,OFDM,420.68,500.0,DataTransmission,
SIG-00158,2031-03-15 17:20:00,3732.774,-77.79,17.72,22.477,0.3191,AM,60.4,406.49,Interference,
SIG-00089,2031-03-15 17:47:00,3545.77,-63.09,36.35,7.644,0.4178,QAM,470.15,244.16,DataTransmission,
SIG-00140,2031-03-15 18:55:00,2284.617,-95.9,7.27,21.941,0.6215,QAM,323.57,417.41,DataTransmission,
SIG-00322,2031-03-15 19:19:00,761.239,-50.94,166.73,19.522,0.4585,QAM,208.92,246.35,Anomaly,HEADER::SYS-7749::ORIGIN_UNKNOWN
SIG-00213,2031-03-15 20:21:00,698.422,-111.38,5.95,44.317,0.3702,PSK,197.46,355.69,Beacon,
SIG-00449,2031-03-15 22:17:00,3126.95,-65.87,16.06,11.747,0.4836,QAM,476.48,399.07,DataTransmission,
SIG-00359,2031-03-15 23:29:00,403.797,-102.38,31.24,17.856,0.5244,FSK,22.91,486.78,Beacon,
SIG-00002,2031-03-16 00:58:00,2608.535,-99.09,2.75,3.191,0.4184,QAM,453.96,487.63,DataTransmission,
SIG-00311,2031-03-16 02:37:00,212.266,-59.57,48.3,39.478,0.2542,PSK,62.1,323.31,Beacon,
SIG-00198,2031-03-16 02:39:00,1194.704,-64.53,7.65,29.893,0.3922,FM,260.07,342.24,Warning,
SIG-00345,2031-03-16 04:16:00,609.536,-70.01,17.34,30.406,0.2104,FSK,82.09,329.32,Beacon,
SIG-00372,2031-03-16 07:24:00,2668.418,-112.66,32.18,23.721,0.3003,FM,81.04,388.08,Interference,
SIG-00284,2031-03-16 07:36:00,397.655,-111.02,20.75,15.605,0.1025,Noise,62.02,331.47,Interference,
SIG-00476,2031-03-16 08:55:00,1444.746,-85.22,15.9,17.348,0.2701,FM,269.77,333.37,Interference,
SIG-00332,2031-03-16 10:09:00,611.793,-94.04,3.35,1.239,0.0296,QAM,211.8,249.42,Anomaly,HEADER::SYS-7749::ORIGIN_UNKNOWN
SIG-00175,2031-03-16 11:10:00,1756.994,-81.75,77.25,12.278,0.3959,PSK,356.33,452.57,DataTransmission,
SIG-00031,2031-03-16 16:15:00,3839.85,-105.38,136.22,40.044,0.5747,OFDM,500.0,463.85,DataTransmission,
SIG-00006,2031-03-16 17:33:00,283.878,-106.98,32.5,23.555,0.0566,PSK,91.78,301.67,Beacon,
SIG-00403,2031-03-16 17:46:00,1167.445,-55.47,23.88,13.569,0.5717,AM,323.34,157.17,Warning,
SIG-00470,2031-03-16 18:28:00,2264.857,-96.71,34.91,32.653,0.1529,QAM,438.01,377.53,DataTransmission,
SIG-00246,2031-03-16 19:34:00,1009.131,-76.15,5.1,13.602,0.3015,FM,263.72,178.81,Warning,
SIG-00265,2031-03-16 19:46:00,484.322,-95.15,2.07,16.22,0.3784,Unknown,180.17,241.94,Anomaly,PAYLOAD::COORD_ENCODED::THETA=0.87
SIG-00011,2031-03-16 20:38:00,2948.049,-102.63,20.53,37.926,0.1853,QAM,346.36,446.07,DataTransmission,
SIG-00179,2031-03-16 20:41:00,329.146,-54.83,47.0,42.586,0.279,FSK,68.21,417.61,Beacon,
SIG-00210,2031-03-16 21:41:00,938.682,-74.85,37.44,29.022,0.2414,AM,96.17,103.31,Warning,
SIG-00276,2031-03-16 21:52:00,445.821,-102.26,77.49,22.423,0.1676,PSK,263.41,310.88,Beacon,
SIG-00309,2031-03-17 01:52:00,1030.15,-92.44,0.5,29.812,0.2528,FM,242.71,148.54,Warning,
SIG-00061,2031-03-17 02:21:00,2895.616,-45.17,53.1,29.761,0.1601,FM,69.76,389.48,Interference,
SIG-00098,2031-03-17 03:28:00,2110.513,-51.11,30.18,42.166,0.3515,QAM,456.12,374.26,DataTransmission,
SIG-00413,2031-03-17 03:58:00,1446.11,-45.94,34.66,34.996,0.1409,FM,299.41,97.62,Warning,
SIG-00366,2031-03-17 04:18:00,2062.661,-69.56,101.29,7.812,0.1478,Noise,136.51,417.64,Interference,
SIG-00055,2031-03-17 05:59:00,3920.926,-54.32,3.36,36.621,0.0977,FM,0.0,328.62,Interference,
SIG-00465,2031-03-17 06:58:00,2826.188,-52.36,45.81,30.421,0.2016,OFDM,391.42,406.91,DataTransmission,
SIG-00266,2031-03-17 09:15:00,510.727,-91.45,14.77,0.59,0.2743,PSK,128.5,316.17,Beacon,
SIG-00297,2031-03-17 11:56:00,979.157,-45.04,102.1,2.368,0.0444,FM,244.48,125.13,Warning,
SIG-00456,2031-03-17 12:59:00,1348.749,-85.86,72.12,14.524,0.4902,FM,250.71,141.02,Warning,
SIG-00014,2031-03-17 13:16:00,463.347,-113.49,47.63,44.808,0.4358,FSK,71.22,315.08,Beacon,
SIG-00483,2031-03-17 13:26:00,860.199,-101.65,37.65,46.509,0.2468,FM,190.75,194.35,Warning,
SIG-00035,2031-03-17 16:07:00,2698.424,-88.65,32.87,35.888,0.2042,QAM,400.66,432.14,DataTransmission,
SIG-00203,2031-03-17 16:54:00,2470.385,-90.82,82.99,38.593,0.1942,OFDM,439.18,420.84,DataTransmission,
SIG-00459,2031-03-17 17:12:00,503.689,-71.42,19.58,21.583,0.1504,PSK,99.4,386.84,Beacon,
SIG-00424,2031-03-17 17:20:00,849.112,-91.44,53.24,12.964,0.6318,FM,291.38,116.53,Warning,
SIG-00072,2031-03-17 17:53:00,414.917,-90.75,0.55,8.274,0.0501,Unknown,211.1,259.55,Anomaly,PAYLOAD::COORD_ENCODED::THETA=0.87
SIG-00315,2031-03-17 17:59:00,3604.97,-75.3,18.97,40.497,0.1807,AM,90.48,391.08,Interference,
SIG-00172,2031-03-17 18:00:00,709.275,-104.12,43.57,22.234,0.079,PSK,78.48,329.88,Beacon,
SIG-00010,2031-03-17 19:27:00,986.109,-47.16,55.52,35.845,0.2008,FM,303.99,125.67,Warning,
SIG-00296,2031-03-17 23:01:00,1304.321,-74.47,50.97,24.349,0.69,FM,341.02,207.98,Warning,
SIG-00291,2031-03-17 23:06:00,877.054,-95.06,29.36,16.104,0.3833,Unknown,189.53,249.23,Anomaly,SIGNATURE::NON-TERRESTRIAL::CONFIRMED
SIG-00269,2031-03-17 23:12:00,705.204,-59.64,34.44,15.477,0.5585,Unknown,189.17,253.36,Anomaly,TIMESTAMP_DELTA::PRIME_SEQUENCE::ACTIVE
SIG-00087,2031-03-18 09:09:00,517.847,-77.44,27.73,6.588,0.1793,PSK,110.03,452.93,Beacon,
SIG-00138,2031-03-18 11:04:00,414.61,-81.51,8.62,13.671,0.2233,PSK,166.66,291.43,Beacon,
SIG-00367,2031-03-18 12:13:00,2848.19,-71.81,6.2,8.907,0.4959,QAM,467.01,357.95,DataTransmission,
SIG-00337,2031-03-18 12:59:00,1115.516,-62.41,20.59,17.191,0.2387,FM,298.88,169.87,Warning,
SIG-00415,2031-03-18 13:26:00,3749.002,-107.35,39.75,42.473,0.1278,PSK,498.55,410.42,DataTransmission,
SIG-00016,2031-03-18 13:53:00,374.551,-78.95,16.7,46.802,0.4816,FSK,65.82,395.89,Beacon,
SIG-00069,2031-03-18 14:06:00,626.935,-104.47,2.63,6.91,0.2384,PSK,51.59,272.83,Beacon,
SIG-00218,2031-03-18 14:54:00,965.691,-78.07,1.59,46.573,0.1214,FM,431.91,268.81,Warning,
SIG-00205,2031-03-18 16:51:00,714.474,-72.13,12.1,42.123,0.109,Unknown,190.26,227.72,Anomaly,ENCRYPTION::UNKNOWN_CIPHER::LAYER_3
SIG-00264,2031-03-18 16:59:00,2837.521,-53.27,8.59,23.59,0.3615,AM,14.56,428.61,Interference,
SIG-00430,2031-03-18 17:12:00,3888.456,-92.89,2.41,9.377,0.1117,PSK,459.09,436.53,DataTransmission,
SIG-00245,2031-03-18 18:23:00,507.373,-58.48,7.45,20.517,0.248,FSK,136.09,282.97,Beacon,
SIG-00275,2031-03-18 22:52:00,1146.874,-71.79,4.61,10.779,0.2414,AM,295.56,100.72,Warning,
SIG-00021,2031-03-18 23:35:00,862.404,-113.26,45.15,31.699,0.1073,QAM,220.06,247.68,Anomaly,TIMESTAMP_DELTA::PRIME_SEQUENCE::ACTIVE
SIG-00126,2031-03-19 03:58:00,700.825,-104.1,11.76,45.787,0.2341,FSK,42.49,361.16,Beacon,
SIG-00148,2031-03-19 05:11:00,1082.348,-50.37,22.91,36.491,0.167,AM,302.68,207.15,Warning,
SIG-00433,2031-03-19 06:19:00,489.462,-86.02,43.73,45.449,0.5023,Unknown,206.33,244.77,Anomaly,FREQ_PATTERN::FIBONACCI_SERIES::DETECTED
SIG-00034,2031-03-19 06:33:00,1852.75,-92.99,6.18,7.389,0.4299,Noise,104.06,414.22,Interference,
SIG-00238,2031-03-19 07:25:00,1404.048,-94.63,49.72,36.471,0.4046,AM,274.78,200.39,Warning,
SIG-00402,2031-03-19 08:06:00,1479.096,-82.86,84.04,39.521,0.0812,AM,386.29,232.54,Warning,
SIG-00242,2031-03-19 08:09:00,735.702,-97.14,3.26,47.432,0.1738,QAM,220.3,271.99,Anomaly,TIMESTAMP_DELTA::PRIME_SEQUENCE::ACTIVE
SIG-00473,2031-03-19 09:22:00,653.881,-74.59,37.16,8.889,0.2185,FSK,217.63,335.0,Beacon,
SIG-00458,2031-03-19 09:36:00,505.993,-56.43,2.69,30.607,0.3208,FSK,145.17,363.4,Beacon,
SIG-00001,2031-03-19 11:55:00,3243.42,-108.41,43.58,38.057,0.297,QAM,387.6,465.03,DataTransmission,
SIG-00085,2031-03-19 13:14:00,460.328,-52.27,4.48,13.227,0.1011,Unknown,223.82,240.67,Anomaly,TIMESTAMP_DELTA::PRIME_SEQUENCE::ACTIVE
SIG-00423,2031-03-19 14:32:00,740.709,-75.31,7.08,17.238,0.3827,FSK,165.43,392.12,Beacon,
SIG-00181,2031-03-19 14:41:00,1112.473,-48.29,83.31,5.795,0.315,FM,292.92,118.53,Warning,
SIG-00202,2031-03-19 15:11:00,2300.402,-89.22,7.36,14.843,0.1334,PSK,451.04,412.69,DataTransmission,
SIG-00219,2031-03-19 17:57:00,3229.618,-70.79,33.04,41.41,0.4445,OFDM,303.65,450.27,DataTransmission,
SIG-00378,2031-03-19 17:58:00,3248.177,-90.03,15.99,5.674,0.211,PSK,411.43,452.83,DataTransmission,
SIG-00300,2031-03-19 18:06:00,410.81,-78.27,50.53,14.617,0.3664,FSK,81.15,438.66,Beacon,
SIG-00217,2031-03-19 21:32:00,2118.168,-76.09,8.86,16.489,0.621,QAM,461.85,348.89,DataTransmission,
SIG-00176,2031-03-19 21:54:00,2003.371,-49.93,0.5,46.248,0.1028,OFDM,385.46,386.73,DataTransmission,
SIG-00301,2031-03-20 00:29:00,1356.868,-73.73,109.93,19.636,0.3184,AM,277.66,161.22,Warning,
SIG-00392,2031-03-20 07:10:00,2971.927,-104.74,19.6,14.2,0.6011,PSK,395.93,472.07,DataTransmission,
SIG-00288,2031-03-20 08:06:00,3403.769,-50.41,24.06,32.47,0.3599,OFDM,464.56,453.4,DataTransmission,
SIG-00143,2031-03-20 11:10:00,2285.87,-86.88,10.6,30.315,0.3054,PSK,500.0,404.35,DataTransmission,
SIG-00457,2031-03-20 13:27:00,3108.656,-57.05,75.51,28.163,0.5777,OFDM,423.22,382.79,DataTransmission,
SIG-00249,2031-03-20 13:53:00,408.652,-48.86,116.18,33.767,0.295,Noise,141.43,331.28,Interference,
SIG-00250,2031-03-20 14:21:00,2386.813,-69.6,14.81,12.987,0.4118,PSK,492.39,415.51,DataTransmission,
SIG-00444,2031-03-20 16:09:00,966.537,-46.36,9.31,11.834,0.2409,AM,166.61,101.06,Warning,
SIG-00320,2031-03-20 17:18:00,2785.798,-65.23,6.5,48.667,0.3501,OFDM,486.64,291.75,DataTransmission,
SIG-00187,2031-03-20 19:11:00,2547.499,-54.83,35.03,13.974,0.0156,FM,42.6,405.8,Interference,
SIG-00454,2031-03-20 20:27:00,860.961,-79.09,60.89,17.874,0.2434,Unknown,192.18,246.03,Anomaly,FREQ_PATTERN::FIBONACCI_SERIES::DETECTED
SIG-00388,2031-03-20 21:55:00,530.499,-71.7,2.89,10.078,0.1808,PSK,96.81,437.38,Beacon,
SIG-00281,2031-03-21 00:54:00,472.507,-101.67,27.42,27.087,0.3753,FSK,151.37,393.34,Beacon,
SIG-00273,2031-03-21 01:55:00,2075.258,-46.02,47.09,30.889,0.2631,PSK,405.82,421.7,DataTransmission,
SIG-00478,2031-03-21 02:16:00,771.285,-97.73,20.59,17.891,0.3815,QAM,175.23,246.48,Anomaly,HEADER::SYS-7749::ORIGIN_UNKNOWN
SIG-00358,2031-03-21 06:00:00,405.583,-99.59,12.25,49.522,0.253,FM,5.19,257.62,Interference,
SIG-00112,2031-03-21 07:03:00,1747.892,-100.51,29.03,8.807,0.3142,OFDM,394.41,500.0,DataTransmission,
SIG-00254,2031-03-21 08:13:00,753.988,-94.85,23.5,2.703,0.2035,FSK,184.74,268.14,Beacon,
SIG-00037,2031-03-21 09:14:00,727.52,-95.13,42.57,5.321,0.2633,PSK,35.23,201.39,Beacon,
SIG-00068,2031-03-21 09:55:00,4213.958,-96.78,4.55,12.124,0.0429,FM,131.14,376.94,Interference,
SIG-00150,2031-03-21 10:50:00,439.517,-112.54,2.35,31.963,0.3592,FSK,294.85,233.38,Beacon,
SIG-00108,2031-03-21 13:44:00,435.751,-53.74,94.36,43.643,0.0976,FSK,86.31,381.87,Beacon,
SIG-00041,2031-03-21 15:38:00,1418.902,-65.33,10.65,4.586,0.2395,FM,217.57,208.48,Warning,
SIG-00109,2031-03-21 18:45:00,697.128,-65.26,1.98,2.473,0.116,FSK,60.89,288.35,Beacon,
SIG-00105,2031-03-22 01:49:00,1105.422,-60.78,3.86,32.613,0.5536,FM,307.02,180.19,Warning,
SIG-00341,2031-03-22 04:01:00,589.347,-60.51,24.82,13.675,0.3681,PSK,155.82,331.48,Beacon,
SIG-00206,2031-03-22 06:17:00,931.673,-91.27,72.97,10.218,0.1268,AM,296.64,209.1,Warning,
SIG-00292,2031-03-22 06:48:00,4019.439,-53.44,3.02,48.568,0.3311,AM,153.85,439.32,Interference,
SIG-00252,2031-03-22 07:14:00,411.974,-67.44,17.45,49.911,0.4027,FSK,92.26,338.46,Beacon,
SIG-00005,2031-03-22 07:46:00,372.997,-67.23,4.97,9.995,0.2216,FSK,133.93,347.0,Beacon,
SIG-00092,2031-03-22 07:59:00,1039.9,-102.59,8.74,42.3,0.3262,FM,306.63,207.8,Warning,
SIG-00327,2031-03-22 08:21:00,4032.503,-77.59,32.14,1.51,0.2839,FM,152.03,295.75,Interference,
SIG-00381,2031-03-22 09:08:00,505.276,-64.74,10.85,42.724,0.1791,FSK,205.2,229.54,Beacon,
SIG-00128,2031-03-22 09:21:00,527.405,-76.96,50.32,48.59,0.4865,PSK,118.54,361.87,Beacon,
SIG-00339,2031-03-22 09:55:00,1354.698,-80.61,70.84,3.913,0.3984,AM,296.07,107.24,Warning,
SIG-00104,2031-03-22 10:04:00,680.834,-80.61,64.63,7.195,0.3107,FSK,170.41,429.24,Beacon,
SIG-00095,2031-03-22 10:40:00,666.891,-54.76,10.17,33.392,0.3038,FSK,45.91,426.54,Beacon,
SIG-00414,2031-03-22 11:12:00,605.102,-82.31,27.6,14.339,0.311,FSK,216.09,384.97,Beacon,
SIG-00129,2031-03-22 11:58:00,246.462,-60.41,61.02,46.534,0.4337,PSK,125.65,414.93,Beacon,
SIG-00497,2031-03-22 12:52:00,3054.171,-68.04,15.15,14.393,0.1765,OFDM,500.0,500.0,DataTransmission,
SIG-00343,2031-03-22 13:16:00,3214.576,-56.13,21.16,31.388,0.1153,QAM,464.82,375.85,DataTransmission,
SIG-00116,2031-03-22 17:39:00,579.89,-50.13,36.25,19.575,0.0389,PSK,88.14,402.69,Beacon,
SIG-00209,2031-03-22 18:15:00,2380.301,-94.88,2.02,38.204,0.2685,QAM,458.29,408.3,DataTransmission,
SIG-00486,2031-03-22 21:49:00,2383.517,-88.06,45.61,39.272,0.2243,PSK,396.15,440.34,DataTransmission,
SIG-00063,2031-03-22 23:19:00,1027.74,-51.37,40.74,37.116,0.4686,AM,275.1,77.66,Warning,
SIG-00188,2031-03-23 02:43:00,2479.594,-100.99,13.81,9.066,0.0896,OFDM,489.57,396.19,DataTransmission,
SIG-00094,2031-03-23 03:01:00,2355.906,-86.43,3.84,6.29,0.3547,OFDM,499.43,416.44,DataTransmission,
SIG-00326,2031-03-23 03:03:00,3378.576,-70.01,4.05,5.319,0.3629,FM,111.12,388.76,Interference,
SIG-00200,2031-03-23 05:11:00,2705.94,-50.43,8.41,5.701,0.2682,OFDM,484.75,498.07,DataTransmission,
SIG-00410,2031-03-23 05:49:00,2884.405,-74.69,26.59,43.817,0.2932,OFDM,446.8,485.18,DataTransmission,
SIG-00106,2031-03-23 06:22:00,509.143,-87.39,41.0,12.873,0.2684,AM,74.22,356.85,Interference,
SIG-00342,2031-03-23 07:23:00,3073.964,-49.5,13.09,28.388,0.2292,PSK,477.32,436.85,DataTransmission,
SIG-00125,2031-03-23 07:56:00,520.76,-45.45,36.94,2.02,0.1669,FSK,145.67,366.34,Beacon,
SIG-00197,2031-03-23 11:15:00,1349.305,-47.27,99.94,7.105,0.2715,AM,285.88,320.27,Warning,
SIG-00373,2031-03-23 11:23:00,2952.178,-114.56,5.17,22.546,0.1484,PSK,500.0,462.81,DataTransmission,
SIG-00437,2031-03-23 15:23:00,460.052,-97.88,74.5,29.224,0.3998,FSK,171.98,355.02,Beacon,
SIG-00027,2031-03-23 16:30:00,741.592,-46.43,95.63,38.974,0.2807,FSK,15.32,395.65,Beacon,
SIG-00056,2031-03-23 18:58:00,774.992,-90.75,17.26,2.047,0.1504,QAM,203.74,277.32,Anomaly,HEADER::SYS-7749::ORIGIN_UNKNOWN
SIG-00049,2031-03-23 20:04:00,3590.761,-45.76,42.45,41.953,0.3254,OFDM,490.1,378.7,DataTransmission,
SIG-00182,2031-03-23 20:39:00,897.851,-84.12,6.95,26.094,0.1219,AM,309.11,194.3,Warning,
SIG-00228,2031-03-23 21:00:00,572.088,-70.26,62.64,0.824,0.5063,PSK,65.54,342.19,Beacon,
SIG-00399,2031-03-23 21:31:00,2453.372,-80.74,23.62,1.013,0.1193,PSK,327.68,487.31,DataTransmission,
SIG-00471,2031-03-23 21:35:00,4029.967,-62.38,12.7,30.104,0.1591,FM,105.81,402.88,Interference,
SIG-00270,2031-03-23 22:04:00,3573.053,-73.41,19.44,37.284,0.569,OFDM,500.0,490.69,DataTransmission,
SIG-00485,2031-03-24 00:01:00,1171.203,-57.73,16.11,38.735,0.0937,AM,0.0,420.97,Interference,
SIG-00355,2031-03-24 04:18:00,872.185,-64.96,4.34,29.667,0.0624,Unknown,205.92,231.78,Anomaly,HEADER::SYS-7749::ORIGIN_UNKNOWN
SIG-00162,2031-03-24 04:33:00,659.015,-93.46,6.87,34.445,0.2179,PSK,73.52,305.38,Beacon,
SIG-00009,2031-03-24 04:57:00,3240.801,-83.77,9.88,15.076,0.4173,OFDM,450.75,448.84,DataTransmission,
SIG-00285,2031-03-24 05:02:00,983.372,-109.64,13.28,49.33,0.136,FM,50.1,454.24,Interference,
SIG-00464,2031-03-24 05:03:00,315.269,-114.7,55.2,26.416,0.2036,FSK,128.89,405.71,Beacon,
SIG-00460,2031-03-24 05:50:00,1533.252,-102.74,30.58,23.888,0.5619,Noise,115.48,349.08,Interference,
SIG-00157,2031-03-24 05:57:00,1322.248,-53.0,15.75,26.565,0.3828,AM,270.69,97.08,Warning,
SIG-00263,2031-03-24 06:41:00,403.741,-103.73,43.98,3.0,0.1117,Unknown,187.67,273.63,Anomaly,HEADER::SYS-7749::ORIGIN_UNKNOWN
SIG-00139,2031-03-24 07:23:00,648.794,-57.94,69.68,41.028,0.1536,PSK,53.76,359.37,Beacon,
SIG-00408,2031-03-24 08:15:00,890.006,-97.34,90.18,14.188,0.1174,QAM,185.56,255.0,Anomaly,TIMESTAMP_DELTA::PRIME_SEQUENCE::ACTIVE
SIG-00192,2031-03-24 12:55:00,2462.919,-91.27,14.3,4.487,0.3065,QAM,372.83,417.93,DataTransmission,
SIG-00191,2031-03-24 13:16:00,809.887,-50.06,6.34,1.978,0.0945,FM,269.63,237.87,Warning,
SIG-00232,2031-03-24 14:00:00,527.123,-71.61,27.08,42.948,0.1225,PSK,120.66,426.16,Beacon,
SIG-00492,2031-03-24 15:15:00,285.907,-86.15,26.78,15.631,0.3669,PSK,94.24,331.97,Beacon,
SIG-00468,2031-03-24 16:11:00,871.659,-75.74,4.21,5.147,0.5186,FM,264.83,244.54,Warning,
SIG-00475,2031-03-24 18:37:00,520.705,-96.64,3.54,27.701,0.0763,QAM,193.52,235.65,Anomaly,FREQ_PATTERN::FIBONACCI_SERIES::DETECTED
SIG-00455,2031-03-24 19:03:00,511.661,-80.84,4.26,17.5,0.4335,Unknown,198.84,222.67,Anomaly,PAYLOAD::COORD_ENCODED::THETA=0.87
SIG-00226,2031-03-24 19:08:00,666.208,-70.04,41.6,20.988,0.0896,QAM,208.12,237.59,Anomaly,TIMESTAMP_DELTA::PRIME_SEQUENCE::ACTIVE
SIG-00124,2031-03-24 19:25:00,768.392,-86.65,24.09,48.721,0.1499,FSK,7.32,275.51,Beacon,
SIG-00156,2031-03-24 19:44:00,1146.924,-111.14,10.26,43.255,0.2275,AM,218.48,147.73,Warning,
SIG-00167,2031-03-24 19:59:00,584.937,-86.14,65.99,11.534,0.3319,PSK,117.62,366.55,Beacon,
SIG-00127,2031-03-24 20:56:00,1000.233,-47.49,5.47,43.365,0.3259,AM,331.72,157.22,Warning,
SIG-00425,2031-03-24 22:17:00,3364.861,-67.27,1.38,6.56,0.1509,PSK,281.26,359.84,DataTransmission,
SIG-00130,2031-03-24 22:54:00,3840.442,-46.6,12.94,2.456,0.2869,QAM,486.16,409.05,DataTransmission,
SIG-00290,2031-03-24 23:05:00,747.776,-105.27,0.8,32.405,0.0706,QAM,212.53,248.29,Anomaly,SIGNATURE::NON-TERRESTRIAL::CONFIRMED
SIG-00057,2031-03-25 01:06:00,250.892,-76.12,35.27,46.235,0.6019,PSK,150.92,305.35,Beacon,
SIG-00401,2031-03-25 01:32:00,4959.882,-98.52,52.96,13.931,0.4219,AM,67.82,362.22,Interference,
SIG-00338,2031-03-25 02:57:00,349.214,-110.91,20.74,25.628,0.1641,FSK,38.34,458.41,Beacon,
SIG-00440,2031-03-25 04:44:00,3698.587,-106.48,59.8,10.836,0.3392,QAM,356.6,340.86,DataTransmission,
SIG-00136,2031-03-25 05:37:00,3530.307,-79.6,51.73,22.985,0.0788,OFDM,398.77,447.58,DataTransmission,
SIG-00432,2031-03-25 06:42:00,209.55,-98.45,6.24,27.029,0.1741,PSK,141.66,382.97,Beacon,
SIG-00159,2031-03-25 09:04:00,3930.866,-51.8,21.49,16.608,0.2606,OFDM,488.46,413.21,DataTransmission,
SIG-00017,2031-03-25 09:15:00,3733.617,-78.68,32.76,38.601,0.1739,QAM,500.0,429.6,DataTransmission,
SIG-00333,2031-03-25 10:43:00,2223.224,-63.61,74.74,37.919,0.6667,AM,74.07,417.7,Interference,
SIG-00386,2031-03-25 17:33:00,2832.602,-66.84,12.99,35.693,0.5991,PSK,351.64,297.55,DataTransmission,
SIG-00484,2031-03-25 18:43:00,2314.237,-66.85,1.43,34.091,0.0603,OFDM,404.81,472.35,DataTransmission,
SIG-00260,2031-03-25 18:58:00,3853.417,-107.42,0.5,49.064,0.3109,QAM,357.56,437.94,DataTransmission,
SIG-00436,2031-03-25 22:14:00,995.097,-79.62,17.08,13.572,0.448,AM,277.13,163.76,Warning,
SIG-00267,2031-03-26 00:49:00,2208.664,-74.83,11.12,23.457,0.1357,QAM,398.23,468.51,DataTransmission,
SIG-00083,2031-03-26 01:32:00,771.799,-109.97,5.26,15.223,0.3849,PSK,176.86,273.33,Beacon,
SIG-00325,2031-03-26 01:40:00,1055.852,-103.82,16.55,48.214,0.3199,AM,373.67,168.79,Warning,
SIG-00168,2031-03-26 01:55:00,975.303,-96.6,64.5,49.676,0.4356,AM,161.57,196.43,Warning,
SIG-00351,2031-03-26 02:31:00,2757.73,-57.61,25.43,23.727,0.4745,Noise,46.08,394.23,Interference,
SIG-00026,2031-03-26 02:55:00,1199.863,-85.86,1.24,18.681,0.2075,FM,274.16,305.59,Warning,
SIG-00353,2031-03-26 03:29:00,1172.0,-73.97,34.02,1.801,0.8148,AM,271.72,160.88,Warning,
SIG-00113,2031-03-26 05:07:00,566.291,-100.62,126.2,46.483,0.0291,FSK,256.9,357.85,Beacon,
SIG-00131,2031-03-26 05:26:00,1049.243,-58.96,22.99,43.207,0.5594,AM,129.1,397.47,Interference,
SIG-00379,2031-03-26 07:15:00,1535.237,-91.59,3.36,10.921,0.1788,PSK,471.4,464.81,DataTransmission,
SIG-00385,2031-03-26 07:24:00,329.834,-45.4,4.94,4.217,0.2399,FSK,143.97,317.94,Beacon,
SIG-00294,2031-03-26 11:32:00,284.108,-47.82,14.45,32.083,0.4882,FSK,125.18,269.16,Beacon,
SIG-00420,2031-03-26 15:51:00,1693.879,-53.78,22.32,2.328,0.2225,PSK,265.62,430.73,DataTransmission,
SIG-00411,2031-03-26 18:54:00,852.731,-67.55,23.29,42.493,0.3563,FM,387.14,233.21,Warning,
SIG-00312,2031-03-26 20:54:00,1476.735,-84.26,20.45,27.617,0.3837,AM,249.35,115.58,Warning,
SIG-00007,2031-03-27 00:39:00,462.03,-99.98,45.24,42.67,0.092,PSK,167.6,319.08,Beacon,
SIG-00163,2031-03-27 01:05:00,711.773,-105.54,18.2,33.738,0.2629,Unknown,225.65,284.01,Anomaly,FREQ_PATTERN::FIBONACCI_SERIES::DETECTED
SIG-00271,2031-03-27 01:14:00,3723.255,-61.65,11.97,13.93,0.5207,QAM,451.47,402.4,DataTransmission,
SIG-00382,2031-03-27 01:16:00,1392.327,-110.05,1.78,23.258,0.1692,FM,246.42,201.67,Warning,
SIG-00418,2031-03-27 03:34:00,729.251,-107.48,54.01,7.784,0.0874,FSK,101.77,414.57,Beacon,
SIG-00363,2031-03-27 05:56:00,719.646,-50.27,30.01,12.99,0.1432,Noise,0.0,394.67,Interference,
SIG-00058,2031-03-27 07:00:00,1341.604,-54.42,16.51,40.044,0.1894,FM,294.12,94.58,Warning,
SIG-00101,2031-03-27 13:06:00,1453.031,-46.34,3.49,6.9,0.3181,AM,359.14,348.55,Warning,
SIG-00214,2031-03-27 13:41:00,1668.147,-93.62,8.68,18.252,0.2197,AM,73.78,423.17,Interference,
SIG-00155,2031-03-27 15:13:00,3708.825,-93.91,98.6,16.843,0.5022,QAM,444.64,324.12,DataTransmission,
SIG-00081,2031-03-27 15:15:00,1747.311,-62.25,50.78,13.906,0.4374,QAM,489.99,361.08,DataTransmission,
SIG-00429,2031-03-27 15:29:00,3138.728,-93.4,57.16,48.347,0.8391,QAM,352.63,398.48,DataTransmission,
SIG-00015,2031-03-27 19:48:00,661.188,-107.46,40.28,11.511,0.0606,FSK,136.84,446.08,Beacon,
SIG-00111,2031-03-27 22:11:00,303.176,-52.68,27.89,23.805,0.1173,PSK,101.03,361.92,Beacon,
SIG-00282,2031-03-27 23:59:00,632.821,-61.73,90.26,2.841,0.2011,FSK,79.69,321.05,Beacon,
SIG-00348,2031-03-28 00:42:00,799.424,-86.14,0.5,47.646,0.111,FSK,201.1,449.49,Beacon,
SIG-00272,2031-03-28 01:47:00,2397.501,-75.05,26.84,7.064,0.4412,AM,70.31,247.03,Interference,
SIG-00259,2031-03-28 02:32:00,537.285,-86.91,25.53,0.049,0.1398,QAM,179.36,240.49,Anomaly,HEADER::SYS-7749::ORIGIN_UNKNOWN
SIG-00422,2031-03-28 02:47:00,1039.621,-88.85,10.55,14.847,0.5291,AM,310.35,270.1,Warning,
SIG-00438,2031-03-28 04:26:00,1217.786,-72.81,8.64,5.453,0.83,AM,451.45,198.07,Warning,
SIG-00479,2031-03-28 07:54:00,721.247,-74.23,27.53,3.471,0.0339,PSK,77.16,293.04,Beacon,
SIG-00305,2031-03-28 08:38:00,619.18,-46.81,3.14,37.022,0.6447,PSK,109.55,348.29,Beacon,
SIG-00196,2031-03-28 11:49:00,1151.758,-85.76,7.99,25.134,0.3473,AM,326.35,213.31,Warning,
SIG-00462,2031-03-28 13:56:00,508.666,-110.61,0.5,16.238,0.1108,Unknown,171.71,267.43,Anomaly,TIMESTAMP_DELTA::PRIME_SEQUENCE::ACTIVE
SIG-00447,2031-03-28 16:21:00,1697.387,-70.68,8.61,45.97,0.7118,FM,129.98,428.5,Interference,
SIG-00428,2031-03-28 16:25:00,1111.01,-65.34,134.12,19.867,0.2446,AM,75.83,341.32,Interference,
SIG-00029,2031-03-28 16:39:00,3214.358,-94.22,35.0,45.817,0.4707,OFDM,430.29,416.32,DataTransmission,
SIG-00395,2031-03-28 18:22:00,146.143,-95.88,5.01,29.777,0.178,AM,50.43,498.65,Interference,
SIG-00233,2031-03-28 21:05:00,916.195,-83.42,15.11,38.383,0.203,AM,257.71,244.94,Warning,
SIG-00268,2031-03-28 22:03:00,1301.292,-53.74,47.95,13.911,0.3646,FM,312.63,150.9,Warning,
SIG-00240,2031-03-28 22:28:00,683.49,-52.34,2.31,28.741,0.0812,FSK,190.74,286.15,Beacon,
SIG-00293,2031-03-28 23:11:00,682.658,-111.99,13.05,34.806,0.2805,QAM,177.53,239.32,Anomaly,SIGNATURE::NON-TERRESTRIAL::CONFIRMED
SIG-00307,2031-03-28 23:20:00,838.067,-94.03,28.43,31.002,0.1185,FM,283.37,163.12,Warning,
SIG-00184,2031-03-29 01:37:00,260.172,-60.2,49.38,1.113,0.3686,FSK,73.97,291.62,Beacon,
SIG-00078,2031-03-29 02:05:00,1319.201,-63.82,43.83,28.497,0.1556,FM,281.86,172.94,Warning,
SIG-00028,2031-03-29 03:21:00,431.054,-70.23,27.07,6.988,0.0279,FSK,208.29,186.0,Beacon,
SIG-00152,2031-03-29 03:34:00,3361.927,-57.56,58.56,14.393,0.3567,QAM,450.5,407.77,DataTransmission,
SIG-00122,2031-03-29 04:27:00,1795.998,-59.37,55.05,14.22,0.3716,OFDM,283.32,399.15,DataTransmission,
SIG-00350,2031-03-29 04:40:00,440.04,-105.66,9.86,7.168,0.2387,PSK,0.0,290.09,Beacon,
SIG-00047,2031-03-29 05:21:00,3356.731,-113.97,66.2,42.827,0.5569,QAM,431.48,476.13,DataTransmission,
SIG-00243,2031-03-29 05:53:00,2483.255,-54.05,82.13,26.637,0.35,OFDM,500.0,400.25,DataTransmission,
SIG-00040,2031-03-29 06:03:00,710.679,-104.14,33.07,9.652,0.1164,FSK,201.22,345.53,Beacon,
SIG-00020,2031-03-29 06:39:00,629.244,-63.27,10.74,6.188,0.3734,FSK,67.31,319.95,Beacon,
SIG-00149,2031-03-29 09:24:00,3490.151,-51.47,92.12,13.302,0.2196,PSK,500.0,450.48,DataTransmission,
SIG-00133,2031-03-29 09:28:00,312.742,-107.49,69.34,25.977,0.6752,FSK,164.73,323.74,Beacon,
SIG-00071,2031-03-29 11:24:00,472.674,-72.76,14.66,40.658,0.3477,FSK,120.69,322.04,Beacon,
SIG-00154,2031-03-29 11:47:00,2380.127,-70.32,28.74,49.331,0.1645,PSK,457.72,500.0,DataTransmission,
SIG-00032,2031-03-29 12:29:00,3040.414,-103.01,8.85,28.622,0.023,QAM,377.01,379.73,DataTransmission,
SIG-00194,2031-03-29 13:51:00,3985.673,-61.09,4.5,32.811,0.4409,QAM,401.73,311.51,DataTransmission,
SIG-00096,2031-03-29 14:23:00,2855.198,-65.9,17.36,30.503,0.1899,QAM,468.96,444.59,DataTransmission,
SIG-00435,2031-03-29 14:27:00,726.192,-60.72,21.59,36.569,0.2766,AM,109.49,378.4,Interference,
SIG-00253,2031-03-29 15:16:00,310.285,-103.4,4.87,43.662,0.1428,FSK,181.17,409.61,Beacon,
SIG-00255,2031-03-29 16:22:00,955.368,-83.41,14.38,41.321,0.369,AM,238.36,70.72,Warning,
SIG-00304,2031-03-29 16:26:00,543.372,-54.36,50.52,27.842,0.4217,Unknown,230.93,264.09,Anomaly,SIGNATURE::NON-TERRESTRIAL::CONFIRMED
SIG-00244,2031-03-29 18:59:00,721.402,-46.96,16.49,12.484,0.3783,Unknown,224.61,242.3,Anomaly,FREQ_PATTERN::FIBONACCI_SERIES::DETECTED
SIG-00088,2031-03-29 20:31:00,2132.962,-112.9,9.99,45.842,0.2847,OFDM,485.37,350.95,DataTransmission,
SIG-00170,2031-03-29 23:51:00,652.751,-70.43,8.15,37.459,0.1384,QAM,206.22,258.68,Anomaly,SIGNATURE::NON-TERRESTRIAL::CONFIRMED
SIG-00025,2031-03-30 02:02:00,426.691,-73.62,10.66,19.682,0.3167,QAM,196.0,253.48,Anomaly,SIGNATURE::NON-TERRESTRIAL::CONFIRMED
SIG-00277,2031-03-30 04:18:00,566.575,-72.38,12.51,11.098,0.6455,FSK,104.08,312.25,Beacon,
SIG-00024,2031-03-30 05:01:00,812.332,-93.28,3.4,46.049,0.3435,Unknown,194.48,255.12,Anomaly,PAYLOAD::COORD_ENCODED::THETA=0.87
SIG-00405,2031-03-30 07:24:00,885.41,-107.0,5.36,21.561,0.2233,FM,294.69,176.67,Warning,
SIG-00235,2031-03-30 17:49:00,1420.652,-57.65,37.92,38.645,0.1538,FM,309.99,79.25,Warning,
SIG-00173,2031-03-30 18:18:00,1184.646,-104.5,6.62,32.999,0.2667,FM,267.46,220.71,Warning,
SIG-00409,2031-03-30 21:39:00,1306.875,-113.29,4.01,49.507,0.2183,FM,233.88,165.19,Warning,
SIG-00046,2031-03-30 23:20:00,1020.115,-56.38,19.21,5.793,0.3276,AM,269.78,133.23,Warning,
SIG-00099,2031-03-31 03:10:00,1251.373,-94.75,25.18,29.298,0.2825,FM,197.36,268.32,Warning,
SIG-00079,2031-03-31 03:34:00,213.884,-46.45,5.62,35.966,0.2197,PSK,205.65,450.24,Beacon,
SIG-00356,2031-03-31 04:08:00,364.309,-90.86,13.1,24.898,0.1818,FSK,121.05,278.42,Beacon,
SIG-00123,2031-03-31 05:11:00,3170.827,-88.63,27.86,2.005,0.6185,PSK,500.0,374.37,DataTransmission,
SIG-00500,2031-03-31 05:29:00,3506.299,-88.08,20.55,35.848,0.6104,Noise,0.0,395.96,Interference,
SIG-00115,2031-03-31 07:21:00,2493.813,-74.07,3.94,16.054,0.2451,OFDM,378.95,425.19,DataTransmission,
SIG-00287,2031-03-31 08:05:00,372.991,-101.35,1.73,27.672,0.0926,FSK,166.77,357.24,Beacon,
SIG-00073,2031-03-31 08:35:00,1859.297,-66.48,5.32,25.365,0.0978,OFDM,500.0,420.72,DataTransmission,
SIG-00336,2031-03-31 09:12:00,313.376,-55.05,40.55,4.507,0.1374,FSK,171.19,383.15,Beacon,
SIG-00052,2031-03-31 11:29:00,2706.431,-61.2,31.99,25.24,0.3193,OFDM,489.76,443.1,DataTransmission,
SIG-00390,2031-03-31 14:03:00,4750.695,-61.38,62.53,25.979,0.2182,FM,39.09,335.08,Interference,
SIG-00044,2031-03-31 14:39:00,1590.15,-85.71,7.78,11.28,0.1556,PSK,325.62,352.96,DataTransmission,
SIG-00165,2031-03-31 16:10:00,700.998,-63.37,0.73,25.784,0.2664,QAM,179.8,253.16,Anomaly,ENCRYPTION::UNKNOWN_CIPHER::LAYER_3
SIG-00261,2031-03-31 18:03:00,2129.414,-88.12,50.26,7.461,0.4642,FM,148.23,338.26,Interference,
SIG-00316,2031-03-31 20:22:00,653.223,-72.34,5.62,27.168,0.1502,FSK,204.21,319.55,Beacon,
SIG-00472,2031-03-31 20:49:00,2421.171,-111.52,4.23,43.493,0.3615,QAM,478.13,409.08,DataTransmission,
SIG-00499,2031-03-31 21:40:00,1415.467,-104.64,0.5,25.062,0.0939,AM,239.52,144.64,Warning,
SIG-00365,2031-04-01 01:25:00,271.266,-59.76,14.63,34.761,0.1494,PSK,82.92,277.92,Beacon,
SIG-00361,2031-04-01 01:28:00,2054.243,-101.46,23.85,45.118,0.2794,PSK,497.4,334.69,DataTransmission,
SIG-00334,2031-04-01 05:14:00,2688.018,-70.32,66.96,42.552,0.206,PSK,493.61,491.44,DataTransmission,
SIG-00467,2031-04-01 06:02:00,243.908,-83.42,32.39,48.135,0.4732,PSK,162.62,418.28,Beacon,
SIG-00406,2031-04-01 08:39:00,766.672,-75.95,33.12,34.069,0.1184,QAM,205.51,270.37,Anomaly,ENCRYPTION::UNKNOWN_CIPHER::LAYER_3
SIG-00498,2031-04-01 11:39:00,3175.911,-104.55,34.59,18.192,0.1237,OFDM,492.93,382.4,DataTransmission,
SIG-00278,2031-04-01 13:15:00,673.407,-50.66,39.08,45.803,0.5814,Unknown,191.5,240.54,Anomaly,TIMESTAMP_DELTA::PRIME_SEQUENCE::ACTIVE
SIG-00494,2031-04-01 13:34:00,522.312,-82.23,5.37,5.508,0.1498,PSK,193.51,299.97,Beacon,
SIG-00331,2031-04-01 16:05:00,455.428,-80.91,19.54,4.728,0.3959,PSK,269.56,314.35,Beacon,
SIG-00317,2031-04-01 19:42:00,265.152,-104.25,15.26,24.219,0.3454,PSK,123.84,317.59,Beacon,
SIG-00174,2031-04-01 22:46:00,512.208,-111.78,4.54,35.57,0.2548,QAM,227.13,271.38,Anomaly,SIGNATURE::NON-TERRESTRIAL::CONFIRMED
SIG-00183,2031-04-01 23:30:00,973.806,-83.04,3.0,40.515,0.3503,AM,166.41,193.04,Warning,
SIG-00310,2031-04-02 00:46:00,653.928,-92.03,159.69,34.594,0.2272,FSK,103.01,358.19,Beacon,
SIG-00380,2031-04-02 01:46:00,766.159,-60.89,1.68,8.593,0.2601,Unknown,184.21,240.86,Anomaly,FREQ_PATTERN::FIBONACCI_SERIES::DETECTED
SIG-00030,2031-04-02 02:05:00,3082.294,-94.83,39.08,10.12,0.3752,OFDM,499.68,402.21,DataTransmission,
SIG-00469,2031-04-02 02:33:00,749.263,-86.58,7.66,35.624,0.1544,FSK,173.4,317.21,Beacon,
SIG-00060,2031-04-02 03:17:00,2187.063,-52.94,31.89,4.241,0.2777,QAM,333.79,401.37,DataTransmission,
SIG-00489,2031-04-02 05:41:00,3368.765,-102.78,80.94,26.52,0.293,OFDM,451.3,500.0,DataTransmission,
SIG-00396,2031-04-02 07:10:00,905.457,-97.01,62.54,26.736,0.3057,AM,300.17,37.32,Warning,
SIG-00077,2031-04-02 07:52:00,1473.085,-102.51,3.27,42.949,0.5971,FM,294.65,196.39,Warning,
SIG-00490,2031-04-02 08:03:00,769.972,-111.14,83.1,39.807,0.56,QAM,184.1,261.94,Anomaly,ENCRYPTION::UNKNOWN_CIPHER::LAYER_3
SIG-00280,2031-04-02 12:09:00,1297.814,-69.05,16.35,31.622,0.1296,FM,288.35,174.25,Warning,
SIG-00446,2031-04-02 12:18:00,1207.517,-86.16,15.94,10.414,0.187,AM,267.93,302.23,Warning,
SIG-00054,2031-04-02 12:54:00,1518.286,-95.54,49.38,31.688,0.0488,OFDM,461.28,333.11,DataTransmission,
SIG-00318,2031-04-02 14:28:00,2980.442,-104.19,14.54,44.44,0.563,QAM,493.27,500.0,DataTransmission,
SIG-00441,2031-04-02 16:29:00,444.755,-87.72,14.47,13.788,0.306,PSK,147.07,313.15,Beacon,
SIG-00076,2031-04-02 17:23:00,609.636,-78.98,0.59,39.801,0.3696,Unknown,198.02,231.34,Anomaly,ENCRYPTION::UNKNOWN_CIPHER::LAYER_3
SIG-00091,2031-04-02 17:35:00,291.396,-70.74,13.22,46.093,0.0834,FSK,175.46,342.08,Beacon,
SIG-00443,2031-04-02 17:41:00,1633.377,-73.33,92.53,26.575,0.4314,QAM,484.84,337.31,DataTransmission,
SIG-00231,2031-04-02 18:33:00,2607.044,-72.72,9.88,2.063,0.4291,AM,145.17,489.3,Interference,
SIG-00303,2031-04-02 18:54:00,1837.627,-84.13,232.02,42.758,0.379,PSK,388.29,406.97,DataTransmission,
SIG-00488,2031-04-02 21:26:00,4068.787,-57.69,41.06,48.027,0.4916,AM,79.36,396.41,Interference,
SIG-00241,2031-04-02 22:17:00,483.287,-57.75,9.61,17.069,0.1534,FSK,79.26,339.55,Beacon,
SIG-00236,2031-04-03 01:14:00,3898.991,-99.02,15.29,28.561,0.5262,PSK,471.54,422.76,DataTransmission,
SIG-00064,2031-04-03 03:54:00,2903.723,-59.56,14.28,21.919,0.4184,OFDM,470.96,500.0,DataTransmission,
SIG-00368,2031-04-03 06:05:00,3127.891,-66.93,62.17,14.752,0.2346,Noise,143.71,414.4,Interference,
SIG-00398,2031-04-03 06:54:00,1197.152,-56.99,20.35,14.819,0.1749,FM,173.73,290.21,Warning,
SIG-00427,2031-04-03 07:16:00,3973.6,-110.43,54.91,25.083,0.2621,PSK,421.69,383.67,DataTransmission,
SIG-00419,2031-04-03 08:08:00,570.172,-53.76,19.66,7.876,0.1747,QAM,206.94,261.87,Anomaly,HEADER::SYS-7749::ORIGIN_UNKNOWN
SIG-00377,2031-04-03 10:03:00,451.181,-100.65,27.9,5.291,0.4529,QAM,202.56,238.33,Anomaly,FREQ_PATTERN::FIBONACCI_SERIES::DETECTED
SIG-00417,2031-04-03 10:07:00,1496.362,-50.71,7.1,15.5,0.038,AM,225.13,198.04,Warning,
SIG-00407,2031-04-03 12:29:00,254.033,-68.36,24.67,7.072,0.5925,FSK,30.35,336.81,Beacon,
SIG-00257,2031-04-03 12:31:00,807.522,-92.54,105.62,46.977,0.1473,QAM,199.15,241.35,Anomaly,SIGNATURE::NON-TERRESTRIAL::CONFIRMED
SIG-00102,2031-04-03 12:43:00,454.097,-76.35,27.63,34.308,0.1958,PSK,27.38,379.19,Beacon,
SIG-00302,2031-04-03 16:19:00,2701.523,-67.54,15.99,15.903,0.2768,OFDM,404.02,396.02,DataTransmission,
SIG-00042,2031-04-03 17:24:00,767.615,-93.91,102.0,34.989,0.1869,PSK,139.72,361.72,Beacon,
SIG-00053,2031-04-03 17:26:00,599.276,-50.79,4.8,8.875,0.4188,Unknown,192.29,236.67,Anomaly,ENCRYPTION::UNKNOWN_CIPHER::LAYER_3
SIG-00216,2031-04-03 18:45:00,405.467,-73.34,20.12,9.475,0.4173,QAM,197.15,219.18,Anomaly,HEADER::SYS-7749::ORIGIN_UNKNOWN
SIG-00299,2031-04-03 19:01:00,3041.321,-55.72,11.98,42.439,0.1852,AM,110.22,347.37,Interference,
SIG-00039,2031-04-03 22:30:00,680.578,-50.05,66.51,34.906,0.5582,FSK,0.0,299.3,Beacon,
SIG-00383,2031-04-04 01:51:00,655.911,-85.4,81.2,39.654,0.3696,Unknown,182.94,234.64,Anomaly,ENCRYPTION::UNKNOWN_CIPHER::LAYER_3
SIG-00097,2031-04-04 03:29:00,440.037,-53.74,52.57,22.197,0.5039,PSK,89.98,369.11,Beacon,
SIG-00177,2031-04-04 06:04:00,854.709,-55.51,5.67,30.737,0.198,AM,233.17,210.59,Warning,
SIG-00141,2031-04-04 07:00:00,720.303,-45.08,141.67,44.489,0.1623,PSK,198.72,321.09,Beacon,
SIG-00237,2031-04-04 09:42:00,732.657,-70.89,8.16,21.43,0.0784,FSK,158.4,428.4,Beacon,
SIG-00374,2031-04-04 10:47:00,146.06,-86.71,58.73,22.977,0.3516,FM,84.36,265.08,Interference,
SIG-00134,2031-04-04 12:03:00,696.478,-99.04,82.91,2.542,0.6287,QAM,190.03,255.41,Anomaly,TIMESTAMP_DELTA::PRIME_SEQUENCE::ACTIVE
SIG-00008,2031-04-04 12:09:00,3160.784,-86.55,4.03,8.349,0.3289,OFDM,424.36,429.51,DataTransmission,
SIG-00256,2031-04-04 13:22:00,1103.099,-84.32,2.85,10.471,0.302,FM,313.35,152.17,Warning,
SIG-00164,2031-04-04 15:55:00,645.744,-98.41,90.84,27.29,0.1577,FSK,170.53,284.93,Beacon,
SIG-00199,2031-04-04 15:59:00,1426.31,-101.98,26.29,29.382,0.4269,FM,229.2,115.47,Warning,
SIG-00453,2031-04-04 17:09:00,1800.714,-57.82,7.03,27.463,0.2415,PSK,491.02,365.32,DataTransmission,
SIG-00093,2031-04-04 18:54:00,1011.736,-48.67,21.58,36.926,0.1898,AM,261.84,151.03,Warning,
SIG-00222,2031-04-04 19:26:00,497.52,-73.54,10.62,36.701,0.5232,FM,0.0,365.86,Interference,
SIG-00137,2031-04-04 19:45:00,536.293,-107.25,45.78,7.721,0.4539,QAM,166.09,247.14,Anomaly,ENCRYPTION::UNKNOWN_CIPHER::LAYER_3
SIG-00178,2031-04-04 20:27:00,483.481,-79.31,24.4,48.473,0.0941,FSK,181.61,224.71,Beacon,
SIG-00146,2031-04-04 20:48:00,701.075,-100.08,0.5,28.558,0.0166,FSK,140.49,339.22,Beacon,
SIG-00186,2031-04-04 21:30:00,891.645,-111.38,16.2,13.29,0.2126,AM,386.63,219.53,Warning,
SIG-00147,2031-04-05 03:41:00,773.538,-88.99,11.04,9.775,0.3387,Unknown,189.45,248.21,Anomaly,HEADER::SYS-7749::ORIGIN_UNKNOWN
SIG-00036,2031-04-05 03:46:00,1530.757,-83.2,40.44,14.768,0.0559,QAM,500.0,392.54,DataTransmission,
SIG-00033,2031-04-05 03:53:00,883.814,-106.8,8.82,32.893,0.3119,FM,156.21,144.53,Warning,
SIG-00065,2031-04-05 04:06:00,2832.745,-107.87,49.46,47.767,0.2303,Noise,63.88,369.25,Interference,
SIG-00364,2031-04-05 05:42:00,1114.018,-57.03,79.91,14.652,0.2675,FM,338.99,142.26,Warning,
SIG-00051,2031-04-05 07:32:00,970.567,-55.95,23.94,32.457,0.2099,FM,136.34,132.81,Warning,
SIG-00352,2031-04-05 10:49:00,2576.256,-99.75,17.6,17.3,0.1456,QAM,500.0,433.86,DataTransmission,
SIG-00248,2031-04-05 12:55:00,1701.963,-53.25,91.53,43.484,0.3928,PSK,335.41,343.23,DataTransmission,
SIG-00404,2031-04-05 13:35:00,709.037,-82.77,5.38,19.874,0.1714,QAM,200.99,243.03,Anomaly,FREQ_PATTERN::FIBONACCI_SERIES::DETECTED
SIG-00048,2031-04-05 16:31:00,786.052,-93.23,57.77,35.27,0.2263,Unknown,191.85,286.31,Anomaly,PAYLOAD::COORD_ENCODED::THETA=0.87
SIG-00117,2031-04-05 17:45:00,572.865,-88.5,9.71,8.303,0.3344,Unknown,189.12,240.57,Anomaly,TIMESTAMP_DELTA::PRIME_SEQUENCE::ACTIVE
SIG-00371,2031-04-05 18:42:00,3669.14,-71.12,19.24,25.516,0.28,AM,46.53,407.7,Interference,
SIG-00075,2031-04-05 21:34:00,1194.839,-53.83,2.47,30.539,0.1011,Noise,82.64,457.74,Interference,
SIG-00193,2031-04-05 22:18:00,1020.207,-60.82,71.92,42.214,0.2744,FM,274.28,151.92,Warning,
SIG-00022,2031-04-05 22:36:00,480.429,-60.07,1.81,5.457,0.3899,PSK,68.81,322.76,Beacon,
SIG-00019,2031-04-05 23:34:00,286.339,-114.02,13.14,6.591,0.3669,FSK,96.32,339.69,Beacon,
SIG-00451,2031-04-06 00:11:00,176.383,-114.48,97.74,2.321,0.2186,FM,137.1,340.28,Interference,
SIG-00132,2031-04-06 00:43:00,3865.327,-77.17,15.23,16.037,0.2224,FM,148.27,399.68,Interference,
SIG-00004,2031-04-06 00:49:00,1824.804,-81.7,26.37,33.491,0.5237,OFDM,486.96,487.74,DataTransmission,
SIG-00477,2031-04-06 02:26:00,1716.21,-70.61,36.79,2.058,0.2739,PSK,484.21,500.0,DataTransmission,
SIG-00142,2031-04-06 02:59:00,2518.406,-75.23,56.66,41.831,0.4739,QAM,321.92,457.04,DataTransmission,
SIG-00082,2031-04-06 04:54:00,3898.331,-69.32,12.68,5.535,0.2707,QAM,466.73,359.53,DataTransmission,
SIG-00145,2031-04-06 06:46:00,4081.646,-98.53,7.78,48.226,0.484,AM,98.4,349.01,Interference,
SIG-00450,2031-04-06 15:26:00,1220.595,-84.38,19.6,41.997,0.2575,FM,274.58,216.88,Warning,
SIG-00306,2031-04-06 16:39:00,1166.397,-51.5,33.25,40.625,0.2274,FM,326.73,234.61,Warning,
SIG-00313,2031-04-06 17:12:00,465.289,-65.63,137.89,28.149,0.4134,FSK,143.94,389.5,Beacon,
SIG-00120,2031-04-06 18:51:00,2912.695,-96.08,21.58,38.745,0.0221,QAM,448.61,500.0,DataTransmission,
SIG-00397,2031-04-07 00:49:00,2980.518,-88.45,14.94,6.905,0.0907,QAM,393.14,500.0,DataTransmission,
SIG-00114,2031-04-07 00:58:00,691.885,-78.18,41.61,16.197,0.1462,FSK,199.5,337.33,Beacon,
SIG-00234,2031-04-07 02:13:00,3876.662,-86.22,27.06,22.837,0.2855,QAM,486.87,457.87,DataTransmission,
SIG-00452,2031-04-07 04:13:00,2101.857,-104.45,29.2,19.898,0.3984,PSK,446.92,436.87,DataTransmission,
SIG-00370,2031-04-07 04:28:00,1138.485,-48.43,9.95,44.352,0.3408,FM,187.45,126.76,Warning,
SIG-00283,2031-04-07 05:07:00,719.747,-63.54,22.11,42.922,0.2991,Unknown,187.32,262.89,Anomaly,FREQ_PATTERN::FIBONACCI_SERIES::DETECTED
SIG-00013,2031-04-07 05:16:00,815.963,-47.9,20.21,39.137,0.5138,FM,197.4,218.11,Warning,
SIG-00251,2031-04-07 05:50:00,3217.124,-77.26,23.63,19.271,0.6757,OFDM,345.92,430.78,DataTransmission,
SIG-00445,2031-04-07 06:04:00,346.218,-98.5,0.59,18.522,0.4903,FSK,131.25,279.83,Beacon,
SIG-00360,2031-04-07 08:27:00,3030.558,-96.53,9.1,46.488,0.171,PSK,435.35,401.02,DataTransmission,
SIG-00426,2031-04-07 10:55:00,621.589,-71.8,39.12,5.54,0.1819,QAM,211.81,239.53,Anomaly,SIGNATURE::NON-TERRESTRIAL::CONFIRMED
SIG-00230,2031-04-07 11:37:00,586.244,-48.5,7.21,34.639,0.2567,FSK,185.44,472.64,Beacon,
SIG-00481,2031-04-07 16:01:00,1419.149,-48.37,59.61,39.203,0.3737,FM,300.15,135.82,Warning,
SIG-00274,2031-04-07 17:38:00,3373.787,-46.72,9.52,32.126,0.1821,PSK,457.15,439.08,DataTransmission,
SIG-00393,2031-04-07 17:43:00,3740.713,-113.17,65.82,16.005,0.1598,OFDM,500.0,443.62,DataTransmission,
SIG-00190,2031-04-07 18:31:00,1455.835,-72.54,13.69,35.679,0.072,FM,301.99,214.99,Warning,
SIG-00208,2031-04-07 19:04:00,491.627,-84.47,8.31,26.086,0.2518,FSK,114.93,380.51,Beacon,
SIG-00340,2031-04-07 19:09:00,3819.646,-47.78,3.4,17.45,0.1302,OFDM,408.04,410.06,DataTransmission,
SIG-00289,2031-04-08 01:16:00,750.635,-59.65,36.85,7.322,0.6432,QAM,183.13,268.99,Anomaly,FREQ_PATTERN::FIBONACCI_SERIES::DETECTED
SIG-00495,2031-04-08 03:20:00,3383.933,-95.28,53.92,15.317,0.3231,AM,4.64,300.87,Interference,
SIG-00043,2031-04-08 04:13:00,280.457,-95.53,11.44,21.395,0.2841,FSK,237.06,464.62,Beacon,
SIG-00349,2031-04-08 04:55:00,3967.231,-55.54,54.72,12.739,0.2344,PSK,361.37,409.73,DataTransmission,
SIG-00347,2031-04-08 06:12:00,406.226,-48.55,22.93,28.19,0.222,PSK,145.22,372.77,Beacon,
SIG-00221,2031-04-08 07:31:00,3300.54,-70.09,129.98,31.238,0.5662,OFDM,485.32,393.24,DataTransmission,
SIG-00225,2031-04-08 08:03:00,948.219,-57.64,52.25,1.694,0.1463,AM,314.27,121.7,Warning,
SIG-00394,2031-04-08 10:46:00,1332.207,-78.67,16.51,17.967,0.1391,AM,237.15,139.2,Warning,
SIG-00215,2031-04-08 11:35:00,475.3,-114.4,3.25,38.113,0.5343,Unknown,186.47,226.71,Anomaly,PAYLOAD::COORD_ENCODED::THETA=0.87
SIG-00045,2031-04-08 12:30:00,2768.265,-84.8,18.44,18.033,0.2883,FM,127.15,377.64,Interference,
SIG-00220,2031-04-08 12:34:00,2592.82,-62.07,39.34,26.972,0.1682,PSK,353.47,460.11,DataTransmission,
SIG-00107,2031-04-08 14:08:00,1326.044,-106.68,0.5,8.815,0.3982,FM,159.91,147.41,Warning,
SIG-00354,2031-04-08 16:17:00,1964.144,-101.64,81.76,8.891,0.4076,PSK,500.0,371.35,DataTransmission,
SIG-00195,2031-04-08 19:53:00,2535.444,-112.03,5.2,13.261,0.3315,PSK,402.11,432.68,DataTransmission,
SIG-00400,2031-04-08 22:09:00,1208.844,-111.85,56.21,21.046,0.1076,FM,211.13,185.34,Warning,
SIG-00431,2031-04-08 22:30:00,4083.138,-63.92,45.25,29.735,0.4023,Noise,51.05,355.46,Interference,
SIG-00369,2031-04-09 00:35:00,857.663,-78.7,12.18,41.387,0.2013,Unknown,210.3,275.84,Anomaly,PAYLOAD::COORD_ENCODED::THETA=0.87
SIG-00493,2031-04-09 03:47:00,816.47,-97.16,4.1,25.341,0.4368,FM,386.91,225.01,Warning,
SIG-00262,2031-04-09 07:02:00,622.638,-104.56,25.74,33.676,0.2781,PSK,163.91,300.12,Beacon,
SIG-00330,2031-04-09 07:03:00,3027.061,-94.26,23.06,39.534,0.1414,OFDM,468.54,500.0,DataTransmission,
SIG-00090,2031-04-09 08:03:00,796.818,-100.16,46.29,21.899,0.3998,QAM,233.64,249.97,Anomaly,PAYLOAD::COORD_ENCODED::THETA=0.87
SIG-00023,2031-04-09 10:03:00,591.159,-54.28,80.1,12.392,0.0479,PSK,88.23,287.39,Beacon,
SIG-00439,2031-04-09 12:52:00,2702.27,-99.54,64.82,44.439,0.291,OFDM,435.78,462.9,DataTransmission,
SIG-00201,2031-04-09 15:44:00,1293.691,-110.3,0.55,32.687,0.7853,AM,300.1,183.1,Warning,
SIG-00421,2031-04-09 15:46:00,346.738,-64.11,4.87,19.998,0.2671,PSK,141.76,286.12,Beacon,
SIG-00328,2031-04-09 16:25:00,715.507,-94.19,5.11,15.462,0.315,PSK,109.81,422.88,Beacon,
SIG-00389,2031-04-09 20:07:00,384.719,-81.82,29.08,3.516,0.3018,FM,159.75,440.28,Interference,
SIG-00066,2031-04-09 22:41:00,845.871,-83.14,12.03,15.628,0.2316,AM,233.06,40.78,Warning,
SIG-00308,2031-04-10 00:59:00,907.934,-77.99,10.89,43.924,0.4201,FM,266.06,195.4,Warning,
SIG-00059,2031-04-10 01:17:00,196.556,-86.91,43.55,33.581,0.067,AM,106.13,360.82,Interference,
SIG-00003,2031-04-10 03:22:00,316.783,-82.33,2.31,7.714,0.3731,PSK,110.73,314.3,Beacon,
SIG-00121,2031-04-10 07:25:00,3695.369,-88.79,23.35,40.548,0.7214,PSK,380.55,362.08,DataTransmission,
SIG-00239,2031-04-10 08:23:00,626.435,-50.11,5.41,28.273,0.2874,QAM,210.69,225.88,Anomaly,FREQ_PATTERN::FIBONACCI_SERIES::DETECTED
SIG-00412,2031-04-10 11:19:00,517.726,-80.23,30.83,10.136,0.3019,Unknown,203.44,250.89,Anomaly,TIMESTAMP_DELTA::PRIME_SEQUENCE::ACTIVE
SIG-00144,2031-04-10 15:54:00,3873.234,-86.8,21.62,34.066,0.1184,PSK,355.98,376.54,DataTransmission,
SIG-00376,2031-04-10 21:07:00,848.728,-80.47,0.5,36.184,0.3044,AM,416.59,183.7,Warning,
SIG-00135,2031-04-10 21:57:00,3919.697,-85.03,26.51,42.811,0.2458,Noise,120.59,391.69,Interference,
SIG-00224,2031-04-10 22:53:00,3539.327,-88.17,33.16,40.135,0.0881,PSK,358.67,481.65,DataTransmission,
SIG-00119,2031-04-11 02:19:00,1193.868,-113.14,40.12,42.607,0.037,AM,244.02,277.2,Warning,
SIG-00103,2031-04-11 02:24:00,2332.984,-85.27,4.66,33.613,0.21,AM,148.42,472.52,Interference,
SIG-00448,2031-04-11 03:02:00,883.529,-82.02,1.11,30.762,0.1039,Noise,18.06,335.53,Interference,
SIG-00229,2031-04-11 03:17:00,2592.473,-91.22,10.98,26.377,0.3346,QAM,443.14,426.43,DataTransmission,
SIG-00160,2031-04-11 03:42:00,279.525,-57.09,23.33,38.721,0.2716,FSK,235.38,407.64,Beacon,
SIG-00319,2031-04-11 04:29:00,268.667,-55.36,29.05,27.66,0.0463,PSK,149.49,463.83,Beacon,
SIG-00286,2031-04-11 04:43:00,1510.909,-79.49,85.76,12.867,0.0866,PSK,496.87,483.16,DataTransmission,
SIG-00474,2031-04-11 06:45:00,3462.405,-76.16,40.59,30.423,0.0512,PSK,361.19,500.0,DataTransmission,
SIG-00463,2031-04-11 07:02:00,724.423,-63.66,64.65,37.314,0.4016,Unknown,200.08,237.64,Anomaly,ENCRYPTION::UNKNOWN_CIPHER::LAYER_3
SIG-00100,2031-04-11 09:09:00,1358.258,-56.26,15.32,38.717,0.2312,AM,276.38,115.68,Warning,
SIG-00247,2031-04-11 09:13:00,922.484,-61.46,31.06,39.138,0.1776,FM,173.6,207.24,Warning,
SIG-00189,2031-04-11 13:14:00,826.311,-74.96,6.23,45.005,0.1933,QAM,188.55,229.31,Anomaly,TIMESTAMP_DELTA::PRIME_SEQUENCE::ACTIVE
SIG-00482,2031-04-11 14:11:00,609.074,-97.11,9.89,10.82,0.6425,PSK,183.27,359.49,Beacon,
SIG-00161,2031-04-11 14:41:00,2364.88,-103.12,38.15,13.035,0.1718,Noise,59.01,452.88,Interference,
SIG-00335,2031-04-11 18:47:00,3840.696,-51.52,44.82,28.958,0.2019,OFDM,500.0,414.58,DataTransmission,
SIG-00038,2031-04-11 21:14:00,499.102,-51.26,65.35,1.808,0.4951,QAM,197.31,252.95,Anomaly,SIGNATURE::NON-TERRESTRIAL::CONFIRMED
SIG-00166,2031-04-12 00:10:00,400.284,-84.76,119.57,36.673,0.2273,Unknown,215.23,225.12,Anomaly,SIGNATURE::NON-TERRESTRIAL::CONFIRMED
SIG-00375,2031-04-12 01:48:00,1490.097,-69.22,41.74,36.288,0.4695,FM,249.4,246.46,Warning,
SIG-00329,2031-04-12 02:22:00,948.872,-51.42,50.19,33.973,0.042,AM,277.3,143.5,Warning,
SIG-00314,2031-04-12 02:34:00,566.015,-105.96,32.27,35.853,0.1998,FSK,117.58,208.29,Beacon,
SIG-00298,2031-04-12 04:26:00,3041.597,-94.57,6.13,36.873,0.4039,OFDM,420.92,452.75,DataTransmission,
SIG-00151,2031-04-12 06:26:00,3668.559,-93.59,24.88,37.998,0.1814,PSK,500.0,442.5,DataTransmission,
SIG-00074,2031-04-12 07:50:00,728.228,-77.47,12.83,13.659,0.1302,FSK,120.69,354.93,Beacon,
SIG-00118,2031-04-12 08:00:00,756.503,-73.18,38.28,2.629,0.4393,PSK,113.07,289.84,Beacon,
SIG-00062,2031-04-12 09:17:00,408.834,-83.27,65.12,17.165,0.217,Unknown,183.44,258.81,Anomaly,PAYLOAD::COORD_ENCODED::THETA=0.87
SIG-00442,2031-04-12 11:37:00,3394.291,-70.91,17.05,12.545,0.5735,PSK,413.72,385.89,DataTransmission,
SIG-00466,2031-04-12 12:03:00,776.655,-77.0,2.1,8.608,0.2137,Unknown,195.84,268.58,Anomaly,ENCRYPTION::UNKNOWN_CIPHER::LAYER_3
SIG-00344,2031-04-12 13:02:00,574.617,-81.69,10.64,20.687,0.0862,PSK,24.75,294.54,Beacon,
SIG-00223,2031-04-12 13:14:00,659.877,-89.22,3.36,7.15,0.5051,QAM,165.09,222.08,Anomaly,PAYLOAD::COORD_ENCODED::THETA=0.87
SIG-00207,2031-04-12 15:56:00,566.313,-93.47,9.48,1.976,0.0705,PSK,193.76,291.64,Beacon,
SIG-00012,2031-04-12 16:34:00,420.807,-80.42,29.15,7.226,0.5606,Unknown,184.65,252.69,Anomaly,ENCRYPTION::UNKNOWN_CIPHER::LAYER_3
SIG-00211,2031-04-12 17:51:00,2919.364,-110.16,5.4,3.457,0.3287,PSK,491.85,500.0,DataTransmission,
SIG-00050,2031-04-12 20:35:00,1128.529,-104.45,29.76,45.355,0.273,AM,287.89,195.49,Warning,
SIG-00391,2031-04-12 20:44:00,771.32,-93.03,75.57,37.085,0.4567,PSK,148.94,229.81,Beacon,
SIG-00070,2031-04-12 20:51:00,2867.6,-73.69,149.9,0.237,0.3513,AM,0.0,458.1,Interference,
SIG-00018,2031-04-12 22:46:00,1806.895,-56.82,17.17,8.963,0.3412,OFDM,376.53,337.91,DataTransmission,
